{"2": {"cellsA": 0.0, "cellsB": 0.0}, "3": {"cellsA": 0.0, "cellsB": 0.0}, "4": {"cellsA": 0.0, "cellsB": 0.0}, "5": {"cellsA": 0.0, "cellsB": 0.0}, "6": {"cellsA": 0.0, "cellsB": 0.0}, "7": {"cellsA": 0.0, "cellsB": 0.0}, "8": {"cellsA": 0.0, "cellsB": 0.0}, "9": {"cellsA": 0.5, "cellsB": 0.0}, "10": {"cellsA": 1.0, "cellsB": 0.0}, "11": {"cellsA": 1.0, "cellsB": 0.5}, "12": {"cellsA": 1.0, "cellsB": 0.5}, "13": {"cellsA": 1.0, "cellsB": 0.5}, "14": {"cellsA": 1.0, "cellsB": 0.5}, "15": {"cellsA": 1.0, "cellsB": 0.5}, "16": {"cellsA": 1.0, "cellsB": 0.5}, "17": {"cellsA": 1.0, "cellsB": 0.5}, "18": {"cellsA": 1.0, "cellsB": 0.5}, "19": {"cellsA": 1.0, "cellsB": 0.5}, "20": {"cellsA": 1.0, "cellsB": 1.0}, "21": {"cellsA": 1.0, "cellsB": 1.0}, "22": {"cellsA": 1.0, "cellsB": 1.0}, "23": {"cellsA": 1.0, "cellsB": 0.5}, "24": {"cellsA": 1.0, "cellsB": 0.5}, "25": {"cellsA": 1.0, "cellsB": 0.5}, "26": {"cellsA": 1.0, "cellsB": 0.5}, "27": {"cellsA": 1.0, "cellsB": 0.5}, "28": {"cellsA": 1.0, "cellsB": 0.5}, "29": {"cellsA": 1.0, "cellsB": 0.5}, "30": {"cellsA": 1.0, "cellsB": 0.5}, "31": {"cellsA": 1.0, "cellsB": 0.5}, "32": {"cellsA": 1.0, "cellsB": 0.5}, "33": {"cellsA": 1.0, "cellsB": 0.5}, "34": {"cellsA": 1.0, "cellsB": 0.5}, "35": {"cellsA": 0.9166666666666666, "cellsB": 0.375}, "36": {"cellsA": 0.9166666666666666, "cellsB": 0.375}, "37": {"cellsA": 0.9166666666666666, "cellsB": 0.375}, "38": {"cellsA": 0.9166666666666666, "cellsB": 0.375}, "39": {"cellsA": 0.9166666666666666, "cellsB": 0.375}, "40": {"cellsA": 0.9166666666666666, "cellsB": 0.375}, "41": {"cellsA": 0.9166666666666666, "cellsB": 0.375}, "42": {"cellsA": 0.9166666666666666, "cellsB": 0.375}, "43": {"cellsA": 0.9166666666666666, "cellsB": 0.375}, "44": {"cellsA": 0.9166666666666666, "cellsB": 0.375}, "45": {"cellsA": 0.9166666666666666, "cellsB": 0.375}, "46": {"cellsA": 0.9166666666666666, "cellsB": 0.375}, "47": {"cellsA": 0.9166666666666666, "cellsB": 0.375}, "48": {"cellsA": 0.9166666666666666, "cellsB": 0.375}, "49": {"cellsA": 0.9166666666666666, "cellsB": 0.375}}