{"2": {"cellsA": 0.0, "cellsB": 0.0}, "3": {"cellsA": 0.0, "cellsB": 0.0}, "4": {"cellsA": 0.0, "cellsB": 0.0}, "5": {"cellsA": 0.0, "cellsB": 0.0}, "6": {"cellsA": 0.0, "cellsB": 0.0}, "7": {"cellsA": 1.0, "cellsB": 0.0}, "8": {"cellsA": 1.0, "cellsB": 0.0}, "9": {"cellsA": 1.0, "cellsB": 0.0}, "10": {"cellsA": 1.0, "cellsB": 0.5}, "11": {"cellsA": 1.0, "cellsB": 1.0}, "12": {"cellsA": 1.0, "cellsB": 1.0}, "13": {"cellsA": 0.875, "cellsB": 0.875}, "14": {"cellsA": 0.75, "cellsB": 0.75}, "15": {"cellsA": 0.75, "cellsB": 0.75}, "16": {"cellsA": 0.7916666666666666, "cellsB": 0.75}, "17": {"cellsA": 0.7916666666666666, "cellsB": 0.7916666666666666}, "18": {"cellsA": 0.8333333333333333, "cellsB": 0.7916666666666666}, "19": {"cellsA": 0.8333333333333333, "cellsB": 0.7916666666666666}, "20": {"cellsA": 0.8333333333333333, "cellsB": 0.7916666666666666}, "21": {"cellsA": 0.8333333333333333, "cellsB": 0.7916666666666666}, "22": {"cellsA": 0.8333333333333333, "cellsB": 0.7916666666666666}, "23": {"cellsA": 0.8333333333333333, "cellsB": 0.7916666666666666}, "24": {"cellsA": 0.8333333333333333, "cellsB": 0.7916666666666666}, "25": {"cellsA": 0.8333333333333333, "cellsB": 0.7916666666666666}, "26": {"cellsA": 0.8333333333333333, "cellsB": 0.7916666666666666}, "27": {"cellsA": 0.8333333333333333, "cellsB": 0.7916666666666666}, "28": {"cellsA": 0.8333333333333333, "cellsB": 0.7916666666666666}, "29": {"cellsA": 0.8333333333333333, "cellsB": 0.7916666666666666}, "30": {"cellsA": 0.8333333333333333, "cellsB": 0.7916666666666666}, "31": {"cellsA": 0.8333333333333333, "cellsB": 0.7916666666666666}, "32": {"cellsA": 0.8333333333333333, "cellsB": 0.7916666666666666}, "33": {"cellsA": 0.8333333333333333, "cellsB": 0.7916666666666666}, "34": {"cellsA": 0.8333333333333333, "cellsB": 0.7916666666666666}, "35": {"cellsA": 0.8333333333333333, "cellsB": 0.7916666666666666}, "36": {"cellsA": 0.8333333333333333, "cellsB": 0.7916666666666666}, "37": {"cellsA": 0.8333333333333333, "cellsB": 0.7916666666666666}, "38": {"cellsA": 0.8333333333333333, "cellsB": 0.7916666666666666}, "39": {"cellsA": 0.8333333333333333, "cellsB": 0.7916666666666666}, "40": {"cellsA": 0.8333333333333333, "cellsB": 0.7916666666666666}, "41": {"cellsA": 0.8333333333333333, "cellsB": 0.5416666666666666}, "42": {"cellsA": 0.8333333333333333, "cellsB": 0.5416666666666666}, "43": {"cellsA": 0.8333333333333333, "cellsB": 0.5416666666666666}, "44": {"cellsA": 0.8333333333333333, "cellsB": 0.5416666666666666}, "45": {"cellsA": 0.8333333333333333, "cellsB": 0.8333333333333333}, "46": {"cellsA": 0.8333333333333333, "cellsB": 0.8333333333333333}, "47": {"cellsA": 0.8333333333333333, "cellsB": 0.8333333333333333}, "48": {"cellsA": 0.8333333333333333, "cellsB": 0.8333333333333333}, "49": {"cellsA": 0.8333333333333333, "cellsB": 0.8333333333333333}}