{"Frames": [], "Distances": [], "Times": [], "Deformability": {}, "Contact area": [], "Axis direction": [], "Axis length": [], "Tension": [], "Adhesion": [], "Volume": [{"cell_A1": [3.6101049273457164, 3.720399863510997, 3.826888645059052, 3.9259421584995975, 4.018834921700687, 4.103596879667765, 4.1854220571662895, 4.258396761579803, 4.3265767271711635, 4.389000244265179, 4.446984399368618, 4.499526353104833, 4.547233055618183, 4.590685469459191, 4.630342648106626, 4.6664378558083275, 4.699014765905568, 4.729019994907195, 4.756071277304705, 4.780200219862172, 4.801736619462131, 4.821782801524251, 4.839990059251823, 4.8548285533374695, 4.868943924109571, 4.88115791799869, 4.893445699048101, 4.904276156677663, 4.914500627077935, 4.923941902449822, 4.931994373946469, 4.939473981770227, 4.947064244135117, 4.954062690566831, 4.960517602557026, 4.968009296488133, 4.973800278128116, 4.979246283900151, 4.984874022453379, 4.990721910809654, 4.996112364579806, 5.0014950841148265, 5.0062815311136015, 5.011415181058883, 5.01634554397671, 5.0203850660741915, 5.024286057642077, 5.02841758739971, 5.032101048490874, 5.035767591815236, 5.0391009417022685, 5.0423674499221525, 5.045243513578069, 5.047934803337274, 5.050450285192233, 5.052789926379355, 5.054970013164311, 5.056979275355105, 5.058874550038826, 5.060684698960367, 5.062857876688844, 5.064590372812957, 5.066289425568998, 5.06779435058702, 5.069063359599507, 5.070304685514775, 5.071463011362272, 5.072336391624985, 5.073351675975358, 5.074294040093238, 5.075110666558532, 5.075925642475649, 5.076671005008705, 5.077349422124498, 5.077961525164389, 5.07850742722138, 5.078989012129475, 5.0794067126433875, 5.079867230668155, 5.080267014388916, 5.080498614485135, 5.080670018887435, 5.080767799915685, 5.080869403096956, 5.080863335028583, 5.080811436836322, 5.080717179111172, 5.080584393418029, 5.080412544262094, 5.080205046926061, 5.079963635406471, 5.079767203080518, 5.0793421242042935, 5.078953044652711, 5.078489664098317, 5.07801459804049, 5.077344599620055, 5.077003495480007], "cell_A2": [3.6101052142379357, 3.7203993431149636, 3.826888823392905, 3.9258130771106887, 4.017594580905843, 4.10409739428632, 4.183687997882686, 4.256856036808938, 4.3247115768201105, 4.387621745958108, 4.4449293687848614, 4.497036121382871, 4.544551253826878, 4.587876580359552, 4.627447494604699, 4.6635750709613895, 4.6965669275538, 4.726445107101127, 4.753258598288193, 4.77721763369629, 4.799253496416032, 4.819623836967721, 4.836306899923185, 4.852386876023515, 4.867157335433545, 4.879525876648141, 4.891821689561885, 4.902900586433737, 4.913401559642258, 4.922412050643962, 4.931330881132197, 4.939611055315758, 4.947333075960536, 4.955198757003854, 4.962061824501497, 4.968491456929926, 4.974918664707715, 4.98061344447582, 4.987554642250397, 4.992935541185111, 4.998099369247516, 5.002907395678217, 5.008031910268894, 5.013409091527428, 5.017782007886292, 5.021819607122264, 5.026160875082908, 5.029937587610655, 5.033708813498919, 5.037136992148353, 5.040516209391735, 5.043514293809458, 5.046318332384076, 5.048932018909013, 5.051356000923413, 5.053608484959219, 5.055694561378507, 5.057620184255652, 5.059727897217492, 5.061635381866129, 5.063368497592239, 5.065064225819465, 5.0666093340630685, 5.067874576610976, 5.069112912030522, 5.070257853444361, 5.071324627277133, 5.072101017371773, 5.073019360730932, 5.073867954108232, 5.074647321275101, 5.075512446029368, 5.076158529406005, 5.076741484579137, 5.077259927084505, 5.077712464887838, 5.078102683893119, 5.078433187548498, 5.078549793855152, 5.078979257027601, 5.079144733901377, 5.079255823728057, 5.079319889073174, 5.079337587270281, 5.079310708626296, 5.079238227090881, 5.079127791096219, 5.078979627047036, 5.078869529497103, 5.0785863811005845, 5.078219286503934, 5.07789815892405, 5.077497565439847, 5.076805451985358, 5.076521389765025, 5.076230579580748, 5.075933444041623, 5.075631424552585]}]}