{"Frames": [[2, 3, 4, 5, 6, 7, 8, 9, 10, 11, 12, 13, 14, 15, 16, 17, 18, 19, 20, 21, 22, 23, 24, 25, 26, 27, 28, 29, 30, 31, 32, 33, 34, 35, 36, 37, 38, 39, 40, 41, 42, 43, 44, 45, 46, 47, 48, 49, 50], [2, 3, 4, 5, 6, 7, 8, 9, 10, 11, 12, 13, 14, 15, 16, 17, 18, 19, 20], [2, 3, 4, 5, 6, 7, 8, 9, 10, 11, 12, 13, 14, 15, 16, 17, 18, 19, 20]], "Distances": [[1.9981449181708677, 1.9939999745569383, 1.9876994808606683, 1.9792719795852558, 1.9687345672149301, 1.9561063711968085, 1.9415220589340416, 1.9250932020623472, 1.90690198781584, 1.8871344374729362, 1.8659015224932527, 1.8432961512382813, 1.819473048280625, 1.7946363990356433, 1.7688853985718191, 1.7423979886409633, 1.7152814405344428, 1.6876759573163458, 1.6598629780784844, 1.6319963428219912, 1.6042325887614117, 1.5766942583661347, 1.549573099365455, 1.5230371076570761, 1.4973252752916204, 1.4726226406898657, 1.4490136365155695, 1.4266330174447077, 1.4055524984654142, 1.3858368438100246, 1.3675629613682039, 1.3509059849949816, 1.3359892773163173, 1.3228189961834227, 1.3114156232994982, 1.3017832762100094, 1.2939256537097947, 1.2878360051902003, 1.2834881434393697, 1.2808419712026429, 1.2798335718911353, 1.2803952266782894, 1.2824539594373978, 1.2859184642094508, 1.2906874293999122, 1.296650864751411, 1.3037145074876568, 1.3117507782375526, 1.3206527091504259], [1.9981449181708677, 1.9939999745569383, 1.9876994808606683, 1.9792719795852558, 1.9687345672149301, 1.9561063711968085, 1.9415220589340416, 1.9250932020623472, 1.90690198781584, 1.8871344374729362, 1.8659015224932527, 1.8432961512382813, 1.819473048280625, 1.7946363990356433, 1.7688853985718191, 1.7423979886409633, 1.7152814405344428, 1.6876759573163458, 1.6598629780784844], [1.9981449181708677, 1.9939999745569383, 1.9876994808606683, 1.9792719795852558, 1.9687345672149301, 1.9561063711968085, 1.9415220589340416, 1.9250932020623472, 1.90690198781584, 1.8871344374729362, 1.8659015224932527, 1.8432961512382813, 1.819473048280625, 1.7946363990356433, 1.7688853985718191, 1.7423979886409633, 1.7152814405344428, 1.6876759573163458, 1.6598629780784844]], "Times": [[0, 87137.0, 1140369.0, 1335026.0, 1441109.0, 1549142.0, 1654927.0, 1771663.0, 1878641.0, 2003548.0, 2113398.0, 2223439.0, 2340046.0, 2461952.0, 2582943.0, 2708856.0, 2839284.0, 2968418.0, 3102286.0, 3234584.0, 3376449.0, 3523758.0, 3672986.0, 3824442.0, 3978977.0, 4132628.9999999995, 4288941.0, 4453568.0, 4620395.999999999, 4794487.0, 4959913.0, 5135680.0, 5311355.0, 5488428.0, 5676889.0, 5856488.0, 6042932.0, 6226477.0, 6412759.0, 6594116.0, 6777772.0, 6961521.0, 7144614.0, 7335061.0, 7528531.0, 7751876.0, 7963617.0, 8152118.0, 8329102.000000001], [0, 87579.0, 1050020.0, 1258294.0, 1365264.0, 1469650.0000000002, 1574936.0, 1689058.0, 1792106.0, 1914191.0, 2023871.0000000002, 2133826.0, 2245859.0, 2369010.0, 2493744.0, 2617600.0, 2744179.0, 2868931.0, 3003587.0], [0, 83762.0, 1124470.0, 1283909.0, 1381350.0, 1481191.0, 1577922.0, 1685499.0, 1785816.0, 2108936.0, 2220775.0, 2340793.0, 2451924.0, 2568909.0, 2686026.0, 2807617.0, 2931871.0, 3055322.0, 3187396.0]], "Deformability": {"cell_A1": [[0, 0, 0], [0.00426061238713499, 0.003589504085793529, 0.0035887887984888452], [0.008720031041554567, 0.00712492723403519, 0.007123531521158731], [0.012935760419373029, 0.010262721445787434, 0.010260947085401177], [0.01676378870797011, 0.012945732528004319, 0.012943949088687968], [0.02015592993681989, 0.015198355430471086, 0.015196824522796084], [0.023081900855509367, 0.017070745857215408, 0.01706957313844383], [0.025474012215632943, 0.018637063592484595, 0.01863622724761644], [0.02735416422778423, 0.019979811897395647, 0.019979201400927998], [0.028707072810609798, 0.021153242021061287, 0.021152474673181973], [0.029542123635763372, 0.022226619299433235, 0.02222548974581304], [0.030000524127326754, 0.02323383112370328, 0.023232546476220042], [0.030204823513454306, 0.02420029314513188, 0.024198754197809518], [0.030128645621855805, 0.025154185534879848, 0.0251523255888134], [0.0299580606058092, 0.026121870566262, 0.026119693934614302], [0.02957852753918977, 0.027088072361238884, 0.027085644646019518], [0.029155351828888926, 0.028056472080716315, 0.02805410338628498], [0.028818699138941195, 0.02900658786707872, 0.029004448370020624], [0.028499282984699014, 0.029931501791824272, 0.029928873308100137]], "cell_A2": [[0, 0, 0], [0.004260613992580949, 0.0035895049523891344, 0.003588789535397422], [0.00872002639370907, 0.007124927288892697, 0.007123532093600434], [0.012935756669941425, 0.010262718994234938, 0.010260945914708601], [0.016763781930762806, 0.012945727770124427, 0.012943947076573713], [0.020155926963724705, 0.015198348975785246, 0.01519682021515977], [0.023008500576154042, 0.017079614248694416, 0.017078437068442198], [0.025320307845755598, 0.018687548331694816, 0.018686560343032534], [0.02709602580854259, 0.020073552872559956, 0.02007272985585324], [0.028315516091291338, 0.021306339885088444, 0.02130501752624346], [0.02910220747192036, 0.022442296589694134, 0.022440888286749647], [0.0295762618384891, 0.02349924239169448, 0.02349748565126551], [0.029714498807339042, 0.02451105960089988, 0.024509126721006552], [0.029696600281095886, 0.02551770803644513, 0.025515503676547424], [0.029436235747953756, 0.0265232180098138, 0.02652069874978902], [0.029048628116033075, 0.02751936903985128, 0.027516844542941395], [0.028737927787348655, 0.028505180968202055, 0.028502979051026747], [0.02843483158824484, 0.02945380294075556, 0.029451588227719167], [0.028121345792394694, 0.030393275563872838, 0.03039105038245061]]}, "Contact area": [[0.0, 0.0, 0.0, 0.0, 0.0, 0.0049425341903924815, 0.01737461727168922, 0.019768852091196543, 0.03970965253321572, 0.039524047418954024, 0.03929511459277338, 0.04407558964651429, 0.0636398312376016, 0.06328455502284797, 0.07270102410164289, 0.07231736106783783, 0.07195816746402724, 0.09570460472684104, 0.09522108338914191, 0.10418709772836687, 0.10371828862569178, 0.11209510037160536, 0.12131956244321107, 0.13053123241615192, 0.14322357785250722, 0.14275676643940083, 0.15066621172781913, 0.15019752968935887, 0.14980083849159287, 0.15624428502246196, 0.1754062660072255, 0.18444326928195648, 0.18409058058686747, 0.1837576513631802, 0.18342463887971852, 0.19148910452358667, 0.19119925759612388, 0.19308463284888175, 0.19293787934648945, 0.192842946148349, 0.19278133654427165, 0.1927697774154436, 0.19067369549512891, 0.19070498873253247, 0.18661964092446254, 0.18251636058652995, 0.18260258717442243, 0.18273573051720887, 0.18291128224400788], [0.0, 0.0, 0.0, 0.0, 0.0, 0.0049425341903924815, 0.01737461727168922, 0.019768852091196543, 0.03970965253321572, 0.039524047418954024, 0.03929511459277338, 0.04407558964651429, 0.0636398312376016, 0.06328455502284797, 0.07270102410164289, 0.07231736106783783, 0.07195816746402724, 0.09570460472684104, 0.09522108338914191], [0.0, 0.0, 0.0, 0.0, 0.0, 0.0049425341903924815, 0.01737461727168922, 0.019768852091196543, 0.03970965253321572, 0.039524047418954024, 0.03929511459277338, 0.04407558964651429, 0.0636398312376016, 0.06328455502284797, 0.07270102410164289, 0.07231736106783783, 0.07195816746402724, 0.09570460472684104, 0.09522108338914191]], "Axis direction": [], "Axis length": [], "Tension": [1.0, 1.0, 1.0], "Adhesion": [-1500.0, -1500.0, -1500.0],