{"Frames": [[2, 3, 4, 5, 6, 7, 8, 9, 10, 11, 12, 13, 14, 15, 16, 17, 18, 19, 20, 21, 22, 23, 24, 25, 26, 27, 28, 29, 30, 31, 32, 33, 34, 35, 36, 37, 38, 39, 40, 41, 42, 43, 44, 45, 46, 47, 48, 49, 50]], "Distances": [[1.9989003526696427, 1.99625589720922, 1.9921638563653885, 1.9866453725801607, 1.9797123989937764, 1.9713774049529853, 1.9616560338551121, 1.9506113683378996, 1.9383726951431741, 1.9249797211508293, 1.910493594944893, 1.895039776731589, 1.8787480876297182, 1.8616637013525754, 1.8438662703538453, 1.825450172600531, 1.8065051396504472, 1.7871657552124658, 1.7675433712248019, 1.7477088109450396, 1.7278022245777147, 1.7079189178851317, 1.6881274084024953, 1.6685106883709746, 1.649256968610275, 1.6304858672451823, 1.6122699081253813, 1.5947187483800755, 1.5778860231014311, 1.5618352347800921, 1.5466663083244279, 1.5324476745467384, 1.5192115552040033, 1.507000666583393, 1.495897166742131, 1.4859377071553996, 1.4771436824583222, 1.4695423582712928, 1.4631383352970782, 1.4579280086272335, 1.453901706342916, 1.45104578158792, 1.4493273617966431, 1.4487069523459781, 1.4491423465276076, 1.4505850270050056, 1.452981549481012, 1.4562818752238174, 1.4604187005496028]], "Times": [[0, 101177.0, 297432.0, 409697.0, 518108.0, 630770.0, 740061.0, 853960.0, 967485.0, 1083282.0, 1197923.0, 1318267.0, 1443720.0, 1570672.0, 1695649.0, 1824345.0, 1954294.0, 2089502.0, 2227852.0, 2366311.0, 2509362.0, 2664912.0, 2811527.0, 2958863.0, 3114506.0, 3269438.0, 3428779.0, 3590792.0, 3750740.0, 3917585.0, 4084701.0, 4283470.0, 4466020.0, 4634968.0, 4812441.0, 4989203.0, 5169975.0, 5357612.0, 5537127.0, 5722770.0, 5905247.0, 6088433.0, 6273837.0, 6460699.0, 6653894.0, 6840639.0, 7030482.0, 7221498.0, 7406149.0]], "Deformability": {"cell_A1": [[0, 0, 0], [0.004463878946963698, 0.004025264866475778, 0.004024485902860261], [0.009070797609977331, 0.008018337940492767, 0.008016803560812849], [0.013358514769097949, 0.01158412627158269, 0.011582178109281312], [0.017201427630340424, 0.014656777325341354, 0.014654842431409933], [0.02057001444223075, 0.017256951644944545, 0.017255329141052433], [0.02346688322151667, 0.01942728760247943, 0.01942607065557171], [0.025896941189555114, 0.021224001403677806, 0.021223122376747415], [0.027840793737764897, 0.02272150202624137, 0.02272075966006405], [0.029333806495566217, 0.02399074762732645, 0.023990012831595582], [0.03042012026920749, 0.025087344257662497, 0.025086399378170043], [0.03112013910746682, 0.026064022368142113, 0.02606281300008743], [0.03145442194046706, 0.02697375951141707, 0.026972248042331056], [0.03150871212678324, 0.0278470005673769, 0.027845379614015668], [0.03140115151434507, 0.02868953574826241, 0.02868787355709067], [0.0311726474115461, 0.029506247079021157, 0.029504504168119772], [0.03082029402225175, 0.030298694100798787, 0.030297044490130164], [0.03049698269498388, 0.03106271081141792, 0.031061109563010513], [0.030068269996790988, 0.03180964360184712, 0.03180787699367907], [0.02959005289389209, 0.03253160584778258, 0.0325297929284574], [0.029101355380050705, 0.03321726278470479, 0.03321527158747016], [0.028715634502547223, 0.03387908728376771, 0.03387733712302295], [0.028306785947063148, 0.03450411765640086, 0.034502758426326566], [0.028028404668360336, 0.0350825782956204, 0.03508151903228449], [0.02776719600254554, 0.035619891171529444, 0.035618815831667816], [0.02743936849541146, 0.036155584775775934, 0.036154608209147045], [0.027235093963494706, 0.036680394764539714, 0.03667945031331367], [0.02711118764647255, 0.037192709020741184, 0.03719172223269774], [0.027002583520869945, 0.03769075748471163, 0.03769038868912746], [0.02694241930982957, 0.038164724766042706, 0.03816483892052993], [0.026846616494598956, 0.03861038394331747, 0.038610565622574984], [0.02674919583937349, 0.03903134521066977, 0.03903159561425445], [0.026752803147992242, 0.03942591492290089, 0.03942638600263189], [0.02677342705512251, 0.03979085204048759, 0.0397917513563867], [0.026755218973466964, 0.040126244012972365, 0.04012743295176086], [0.026752520831116327, 0.04044533718935816, 0.04044662074149679], [0.026771784366639236, 0.04074505618374015, 0.04074613339475478], [0.026790553412092494, 0.04101803716939849, 0.04101901412334827], [0.026817028548521953, 0.0412601571014881, 0.04126087133012926], [0.026829317149397063, 0.04146527605230692, 0.0414657052164874], [0.02680875303861132, 0.04163101180288551, 0.04163110550702571], [0.02676433928366148, 0.041758858498423694, 0.04175836269437096], [0.026689923501563958, 0.041848155118169014, 0.041847322193993335], [0.026588270338916805, 0.04189498912904894, 0.041893845896957854], [0.026464856540921764, 0.041902034209426245, 0.04190044861154954], [0.026326568529699508, 0.04186760165697023, 0.041865884390615254], [0.0261770295405284, 0.04179639858479083, 0.04179447676745376], [0.026021521037887022, 0.04169389437999959, 0.04169253298432474], [0.02585518574981582, 0.04155767522378923, 0.04155707073830185]],